subject,n,n_mw,intercept,zipf_c,length_c,order_z,is_mw,zipf_x_mw,length_x_mw,order_x_mw
0,6268,1290,5.321620104561083,-0.020486147818295296,0.0029794123296870687,0.014023020359630982,0.007064566443490411,-0.000663440487676484,-0.009695227071757084,0.0003416846326513567
1,7041,943,5.316430957458309,-0.0016351427533818827,0.0018795984139967582,-0.005377878267327371,0.05204055168301562,-0.022788887548484456,-0.008172683373455131,-0.01364861815880432
2,10004,224,5.2973580472130015,-0.033650720687950705,0.004109442973831175,0.00308623463825044,0.14927477631385971,0.06936367650858895,0.020113890567951414,0.07571479877951348
3,8656,513,5.189451862673368,-0.0011071651088260313,0.002810182630544107,-0.004505822098022772,0.04540122276412951,-0.01036489493720829,-0.009270575426973963,0.05675974065920613
4,6381,496,5.153895179476429,-0.005179410007256411,-0.0031867545141918067,0.005649718321203583,0.08441187080229524,0.03312529993923484,0.004508623378364864,-0.005794803837363618
5,6417,419,5.326130084903532,-0.019906116459777818,0.005386550207860938,-0.014307391264771405,0.06253627202629242,0.014587198463729972,0.0040134997524419675,0.008804782910388506
6,8639,483,5.192549663381504,-0.018221297054177615,-0.006781694204585155,-0.007843009524745448,0.059266069602152825,0.03817325850973182,0.022083915520339923,0.006904802288172727
7,9746,266,5.217525396349993,-0.013296203730571825,-0.005353777335425286,-0.02089777348204705,0.0165078444350437,0.02557447356751963,0.011832723847176086,0.025849688614754084
8,10413,68,5.143971236731126,-0.01819855236056115,-0.0003055558327548746,-0.012734444761865173,0.10083996053284007,-0.004979638397099821,0.001518812334260474,0.02073042325868185
9,5608,734,5.324012450574907,-0.0029947433871718634,-0.0015346068763626025,-0.031051979767624544,0.06016970350226602,-0.027460944668037474,-0.011864946540809822,-0.020979331254735133
10,8391,54,5.260299789871184,-0.009045906566172192,0.007957094218889835,-0.006915491844082615,-0.014033204877769392,0.03942558501576843,0.04849928809309403,-0.0458273792012925
11,10619,260,5.105938835952175,-0.013716211197928319,0.0009528653555563213,-0.01170896867328812,0.014492169097467424,0.03813367267780087,0.00819045575025685,0.053377620792181876
12,4625,572,5.477041205639328,-0.007389936008018644,0.0025373138850583355,-0.03686128389101016,0.03267633230582191,-0.03456050911955621,-0.013795369057183406,-0.014940994255174773
13,7778,816,5.3592219765905265,-0.038860569998827615,0.004147135936820563,-0.009925126784700406,0.041248687617225346,-0.013146360688207851,0.0019662579557615753,0.0065288932764977535
14,9857,1586,5.222973270909765,-0.014682589423519896,0.004223716694697027,-0.022494896650618653,0.029794714952167376,-0.005150518339574412,-0.00782805932035177,0.012765930831758658
15,9640,534,5.446225330679996,-0.01835416148525915,-0.01274995926526651,-0.0351412320229077,-0.014138165528479687,0.03458404996377664,0.0024929230209571962,0.008590843314672083
16,10492,1551,5.485810649518642,-0.026835495797200584,-0.002798728627047816,-0.011563179356153157,0.015942645366100405,0.0075624013100834804,0.00809598990860051,-0.000992481634659508
17,6159,887,5.095595269526316,-0.016475721948734933,0.002342943653897748,0.0019932839333423246,0.07368908602389021,0.03340224064927996,0.005490595791747399,-0.012393980410702483
18,9907,727,5.301398788704205,-0.018613405049285613,-0.003656693441652925,0.007677225473679061,0.03685295488661751,0.006955306462013909,-0.0035193080206818088,-0.01274827824224055
19,6569,183,5.313055969220518,-0.022092774893820867,0.0027622339509321583,-0.008637496947628156,0.06416931274511736,-0.04357547045869367,-0.028776440902624743,-0.03184805708770561
20,13807,206,5.20388699424432,-0.037336667303995784,-0.008004534420613543,0.005314584782543512,-0.03447893539751496,0.02351110251993067,0.010029444738632475,0.03832090154755683
21,4470,446,5.359158454121305,-0.024116815514034152,0.000966846124969064,-0.025251762317646042,0.010386199139879454,0.02720780745533982,0.004138866462872636,-0.012588989090049716
22,10036,430,5.263674318513184,-0.02006016465820991,0.0047516829175888375,0.011649479232017066,0.05499918889401861,-0.007835524373749876,-0.00230982425133556,-0.0366503854692262
23,7901,1242,5.282148550098279,-0.011905204613477511,0.0027202094964836995,-0.002131672465731251,0.041688850002768625,-0.0013406240654971935,-0.0018490680197550417,0.009282075004834052
24,8010,872,5.287977515069838,-0.021914364729261032,0.0024629867551217086,-0.015911898081828472,0.09196831117837553,-0.00633708038026021,0.00441932490935135,0.011967814779158878
25,7409,904,5.415231206984208,-0.013369901586462328,-0.0014682244991487973,-0.022282896321261406,0.08460554387067595,-0.015163701413407664,-0.0026438166626241186,-0.0054036945245304014
26,5981,692,5.219840067938599,-0.04382652706232621,-0.004307331986897787,-0.01888666771724005,0.07077832308044171,-0.007924136864234694,0.006223273351856242,0.017307234968778576
27,9044,342,5.31926501915425,-0.01303664730026382,0.0018110510577973914,-0.03415298604827795,0.07410723960152334,0.04753668242741011,0.024185515035041016,0.05268088404724056
28,6972,942,5.151866453125712,-0.022361033903771525,0.0049116326211227765,-0.010367022936422865,-0.008434085896810294,0.008572488202385781,0.005184466098888347,-0.004448632441385973
29,7969,119,5.15097238422957,-0.002812385997929393,0.0038427677218105883,-0.07251179664361844,-0.2577630108163559,0.01223425640886175,-0.0019993346567816137,-0.19173170246864693
30,8062,486,5.336701511365433,-0.015578987843322439,-0.004292352909029204,-0.0003159367835882472,0.049816441184488955,-0.015325388209101462,-0.0002860460529421263,0.016660698151876742
31,13011,395,5.195257685888133,-0.02266331511631603,-0.005453317980281178,-0.017357381493164833,0.058079225633617566,-0.014940012377042497,-0.021823169332480272,0.034426885071570094
32,7664,1847,5.2490045047492675,-0.01354847818469759,-0.0013694630710126814,-0.0038205314467830995,0.08296130143076941,0.0034189580432974734,-0.002621182262910984,0.029609502675144013
33,3726,560,5.437502787826159,-0.03588713395152546,0.0004903667695540872,0.003563698756441359,0.0029378495870554053,0.003540636992473754,-0.006726839782902471,0.00011616044203795328
34,16251,1062,5.302548954192529,-0.02799884649851243,-0.009762958342819397,-0.007816080973068174,0.049685434937925974,-0.018197902770242004,-0.006878365925790072,0.0059347362493278035
36,10391,401,5.260281283050066,-0.013589931614888332,-0.0017773018443229835,-0.04083850204156009,0.1308231942239272,-0.002648425068992257,0.02212037038503069,-0.05317270632344856
37,9949,331,5.290876527999713,-0.01280096642963523,0.001952126730776924,-0.01227999568942442,0.04394844923782955,-0.04464707506395937,-0.013123468469563816,-0.06943416616435154
38,11256,1803,5.206023979880131,-0.023504028306058074,-0.00484650471340794,-0.000908440488052397,0.007890006215109251,0.00548166819338554,6.997726486930424e-05,-0.0011592325750714215
39,6452,704,5.263610860573545,-0.03472816384749494,-0.0026152130308146238,-0.0128734619951519,0.03401099034173765,-0.009172767181729742,-0.007928524790331331,0.00770167131999438
40,9506,61,5.31683776426286,-0.01601219826770245,-0.0005700521794430694,-0.038740999964288834,-0.08416641474747857,-0.08603527512967625,-0.03369774215414014,-0.09104208620236094
41,8919,147,5.401784611837264,-0.015638370695058756,-0.0007114958105478628,-6.624582334873741e-05,0.127903591599977,0.02593998629293713,0.0016195518637430028,-0.03691277971095167
42,9059,454,5.307187766852256,-0.02145424617512559,-0.00195107877477209,-0.022131485801712262,-0.012626902241317024,0.02089401452259986,0.014793206423124285,0.012097918301432118
43,7594,234,5.137606039201141,-0.013284054248207066,-0.005026058346811925,-0.013970320986477193,0.03337918485550235,0.018618330010323616,0.020581725036202977,-0.058431093389375376
