subject,bin,n,skiprate,zipf,length,surprisal
0,first third,303,0.20462046204620463,0.47604069067059296,-0.5056217373845536,-0.37340866290018837
0,middle third,325,0.25846153846153846,0.5151155898043864,-0.6057103339261016,-0.4095206317428539
0,last third,326,0.254601226993865,0.5100897416827805,-0.5799494273389856,-0.3295154185022027
1,first third,318,0.3333333333333333,0.407440370238519,-0.45118369526521895,-0.3602693602693603
1,middle third,256,0.36328125,0.3712645952899267,-0.47239263803680986,-0.33794295592048396
1,last third,258,0.29069767441860467,0.3508196721311476,-0.4002185792349727,-0.33947028423772607
3,first third,119,0.17647058823529413,0.5393586005830904,-0.6044703595724004,-0.3096774193548387
3,middle third,109,0.1926605504587156,0.37337662337662336,-0.6022727272727273,-0.3597560975609756
3,last third,92,0.22826086956521738,0.6351441985244801,-0.7015425888665325,-0.42288557213930345
4,first third,110,0.24545454545454545,0.37661758143685864,-0.4814814814814815,-0.2748717948717949
4,middle third,99,0.3333333333333333,0.18181818181818188,-0.303030303030303,-0.11228813559322037
4,last third,91,0.3076923076923077,0.22619047619047628,-0.391156462585034,-0.2728395061728395
5,first third,89,0.30337078651685395,0.5352449223416966,-0.6792114695340502,-0.41890166028097064
5,middle third,84,0.3333333333333333,0.2455357142857142,-0.47959183673469385,-0.23555555555555552
5,last third,82,0.36585365853658536,0.55,-0.5480769230769231,-0.2293144208037825
6,first third,75,0.14666666666666667,,,
9,first third,231,0.354978354978355,0.5112129644786381,-0.6424946799803568,-0.40751173708920185
9,middle third,210,0.3761904761904762,0.3777176538796019,-0.4927046091409798,-0.26434599156118144
9,last third,208,0.3173076923076923,0.40140845070422526,-0.4759923175416133,-0.25304247990815154
12,first third,136,0.21323529411764705,0.40670319046084424,-0.6152110860457622,-0.3196248196248196
12,middle third,107,0.24299065420560748,0.42972459639126304,-0.4292497625830959,-0.2257085020242915
12,last third,90,0.2222222222222222,0.5164285714285715,-0.6392857142857142,-0.40312499999999996
13,first third,193,0.21243523316062177,0.5436456996148908,-0.5444480102695763,-0.4868208714362561
13,middle third,183,0.18579234972677597,0.5047374654559811,-0.5823134622976707,-0.3943661971830986
13,last third,174,0.21839080459770116,0.6428018575851393,-0.6273219814241486,-0.5795036764705883
14,first third,378,0.21693121693121692,0.4444627554383651,-0.4899884640738299,-0.41539332201471424
14,middle third,353,0.24079320113314448,0.3383669885864793,-0.495478489903424,-0.30987189866184106
14,last third,357,0.24929971988795518,0.41053161160489693,-0.5197467717591816,-0.3336900303192438
15,first third,108,0.17592592592592593,,,
15,middle third,102,0.17647058823529413,,,
15,last third,110,0.22727272727272727,0.36564705882352944,-0.45176470588235296,-0.2435443037974684
16,first third,380,0.17105263157894737,0.5775335775335775,-0.5864713064713065,-0.44072164948453607
16,middle third,369,0.21138211382113822,0.5386377654418892,-0.5344083179134725,-0.3046450060168472
16,last third,372,0.22580645161290322,0.45643187830687837,-0.5011574074074074,-0.34730107236189967
17,first third,240,0.2916666666666667,0.633109243697479,-0.6836134453781513,-0.3920593112867037
17,middle third,226,0.3185840707964602,0.6163419913419914,-0.6654040404040404,-0.46440019426906265
17,last third,207,0.2560386473429952,0.7099975496201911,-0.706199460916442,-0.4948648648648649
18,first third,135,0.17037037037037037,0.7018633540372672,-0.6086956521739131,-0.5404040404040404
18,middle third,85,0.17647058823529413,,,
18,last third,65,0.2,,,
19,first third,60,0.3333333333333333,0.58375,-0.6287499999999999,
19,middle third,61,0.2786885245901639,,,
19,last third,60,0.35,0.485958485958486,-0.5641025641025641,-0.2894736842105263
21,first third,73,0.3150684931506849,0.6165217391304347,-0.6069565217391304,-0.6474953617810761
21,middle third,66,0.3333333333333333,0.44628099173553726,-0.4452479338842975,-0.18974358974358974
22,first third,89,0.20224719101123595,,,
22,middle third,79,0.17721518987341772,,,
22,last third,73,0.2054794520547945,,,
23,first third,253,0.16600790513833993,0.309185285488603,-0.4713382983525164,-0.3153846153846154
23,middle third,226,0.22123893805309736,0.37749999999999995,-0.49909090909090914,-0.33252032520325203
23,last third,212,0.2028301886792453,0.528966561166919,-0.5738268886748314,-0.5231788079470199
24,first third,176,0.18181818181818182,0.7267795138888888,-0.6812065972222222,-0.5238095238095238
24,middle third,168,0.2261904761904762,0.55,-0.6892712550607287,-0.5030444964871195
24,last third,167,0.18562874251497005,0.5398481973434535,-0.6297438330170778,-0.47343749999999996
25,first third,212,0.20754716981132076,0.7934253246753247,-0.7663690476190477,-0.6345086271567892
25,middle third,197,0.25380710659898476,0.6058503401360544,-0.6214965986394558,-0.5700475678993402
25,last third,176,0.22727272727272727,0.7648897058823529,-0.6847426470588236,-0.47528205128205125
26,first third,183,0.16939890710382513,0.6339134125636672,-0.640704584040747,-0.4846715328467154
26,middle third,119,0.20168067226890757,0.5557017543859648,-0.6855263157894738,-0.6207865168539326
26,last third,105,0.13333333333333333,,,
27,first third,87,0.3333333333333333,0.4785969084423305,-0.41141498216409034,-0.3805418719211823
27,middle third,75,0.26666666666666666,0.4009090909090909,-0.5818181818181818,-0.3716981132075472
27,last third,67,0.23880597014925373,,,
28,first third,461,0.3557483731019523,0.45635213927896845,-0.5585324792641866,-0.3960809508512688
28,middle third,477,0.4088050314465409,0.39856337515911977,-0.5291325695581015,-0.3687963845930594
28,last third,401,0.45885286783042395,0.44029252654778595,-0.6045632137848127,-0.39098039215686275
30,first third,145,0.19310344827586207,0.7084859584859584,-0.612942612942613,-0.6244897959183673
30,middle third,122,0.26229508196721313,0.5895833333333333,-0.634375,-0.5234604105571847
30,last third,106,0.18867924528301888,0.786046511627907,-0.719186046511628,-0.6268292682926829
32,first third,362,0.12430939226519337,0.3582895198037155,-0.4479495268138801,-0.26383333333333336
32,middle third,279,0.10752688172043011,0.46506024096385534,-0.5536813922356091,-0.4980020719254107
32,last third,224,0.16517857142857142,0.27532880474056953,-0.3686948981066628,-0.23477715003138733
33,first third,90,0.18888888888888888,,,
34,first third,120,0.06666666666666667,,,
34,middle third,122,0.10655737704918032,,,
34,last third,124,0.10483870967741936,,,
38,first third,225,0.13333333333333333,0.4588034188034189,-0.6141880341880341,-0.24644457432300804
38,middle third,213,0.14084507042253522,0.514207650273224,-0.5504553734061931,-0.5510357815442561
38,last third,194,0.10824742268041238,0.4720616570327554,-0.46793283787503437,-0.4493506493506494
39,first third,120,0.18333333333333332,0.5955473098330242,-0.5950834879406308,-0.4093211752786221
39,middle third,109,0.1559633027522936,,,
39,last third,115,0.20869565217391303,0.4097985347985349,-0.6767399267399268,-0.21139430284857574
43,first third,68,0.3088235294117647,0.2857142857142858,-0.47821681864235055,
43,middle third,62,0.25806451612903225,,,
