subject,n_on,skiprate_on,zipf_on,length_on,surprisal_on,n_mw,skiprate_mw,zipf_mw,length_mw,surprisal_mw
0,4615,0.27150595882990247,0.5413624790093305,-0.594134339334556,-0.37035273053960893,1152,0.2421875,0.5071458777256361,-0.5739036897445056,-0.37294994576453466
1,6383,0.30784897383675386,0.3436759405485539,-0.4450447337229032,-0.27140525074351085,985,0.32284263959390863,0.38885274343960097,-0.44703120138044183,-0.3528194924755633
3,7052,0.24290981281905843,0.41619461458802465,-0.4862668353578351,-0.3203193405123942,373,0.17962466487935658,0.5277046141839821,-0.6261340357038337,-0.3976788124156545
4,7008,0.3359018264840183,0.4358155289079948,-0.48858447196827604,-0.36909008183630265,471,0.25902335456475584,0.3277514209216028,-0.43799614824557287,-0.2840579710144927
5,7517,0.3566582413196754,0.49819348791807316,-0.5385386673182513,-0.38796305320225244,394,0.2715736040609137,0.44690481617766786,-0.568823471946335,-0.3123308270676691
6,6063,0.14844136566056407,0.4544956635892139,-0.5147080723954635,-0.3614608001994266,348,0.10344827586206896,0.5570690883190883,-0.5126424501424501,-0.5028441410693971
7,8471,0.22087120764962814,0.32403956723839134,-0.36867450561197224,-0.2585620319827854,188,0.14893617021276595,0.19330357142857135,-0.3823660714285714,-0.06419753086419755
9,5465,0.33247941445562673,0.456120587482741,-0.5267516402108738,-0.3580163907739996,831,0.3285198555956679,0.4786062205417043,-0.5620216104087072,-0.31849867496255324
11,7530,0.22695883134130146,0.48132028171440777,-0.5563603220678865,-0.3606654162951486,205,0.2731707317073171,0.5331975071907957,-0.5034755512943432,-0.38477553675992193
12,4464,0.294578853046595,0.48988042555606404,-0.5284526320746401,-0.35311443178426394,526,0.2262357414448669,0.49681002622179093,-0.6039477215947804,-0.366754617414248
13,6610,0.24447806354009077,0.5409927556632315,-0.590250131841378,-0.413132565079948,715,0.1902097902097902,0.5805267702936097,-0.6156405567408311,-0.47887203467153283
14,6812,0.23649442160892542,0.49188995908846733,-0.5550805478247451,-0.3514227200096023,1210,0.23140495867768596,0.42547235023041474,-0.5098233486943164,-0.3681260504201681
15,7810,0.1820742637644046,0.3578917308913425,-0.42832299397516616,-0.28143187439188666,401,0.19201995012468828,0.3903719737053071,-0.505331088664422,-0.33381398702235043
16,7437,0.2055936533548474,0.5862544407755632,-0.6325052594103704,-0.45631705927434807,1203,0.19866999168744803,0.5252304727512631,-0.5242408722373653,-0.3598829030909022
17,5678,0.3263473053892216,0.5596244210942156,-0.6018746494820271,-0.4334687126098169,789,0.27629911280101394,0.6219733607545108,-0.6752518517328363,-0.44832695174088055
18,7451,0.2345993826332036,0.5192820752335978,-0.5694953196178012,-0.3866707691557808,458,0.17248908296943233,0.5767342440132259,-0.5857519788918206,-0.4167612991142403
19,7477,0.33783603049351346,0.5626647079622582,-0.5904137667110765,-0.4203626039839976,204,0.3137254901960784,0.5619419642857142,-0.6527901785714285,-0.39901234567901234
21,5438,0.3571165869805075,0.5495717335922532,-0.534608480016591,-0.4086988966026093,491,0.29327902240325865,0.5644412423951328,-0.586715497918668,-0.46052280608162177
22,8466,0.2124970470115757,0.5504963217653458,-0.6176619462523261,-0.46086019822999624,332,0.16566265060240964,0.5363308171972432,-0.5709222185756482,-0.4128245141154774
23,5457,0.2440901594282573,0.4413453453453453,-0.5356776776776777,-0.337707820841714,850,0.18588235294117647,0.38648752469451964,-0.5261944830613887,-0.38085179021038706
24,6547,0.25492592026882543,0.5695009766155181,-0.5709377105754281,-0.41526904262753317,671,0.19970193740685543,0.5997943244670503,-0.6721837738680897,-0.4909164186507936
25,6042,0.25537901357166504,0.611208049833786,-0.6286974984143521,-0.49962960491622954,755,0.21589403973509932,0.6993035980766042,-0.67646327308904,-0.5431390944786129
26,4800,0.188125,0.602460193845338,-0.631070383527551,-0.4629934022673653,571,0.1628721541155867,0.6236334188149548,-0.6556890268592253,-0.48550724637681164
27,7986,0.28625093914350114,0.43512501726757846,-0.4839298706082792,-0.31902243984714496,306,0.29411764705882354,0.4530349794238684,-0.43775720164609055,-0.3446790176647997
28,7974,0.38286932530724854,0.4869870251979307,-0.5479582979367488,-0.3405486402884088,1366,0.40263543191800877,0.42816622103386814,-0.5593114973262032,-0.3822161738711233
30,7193,0.22744334769915195,0.6116791174636893,-0.6317929587695952,-0.4502523694875009,466,0.20600858369098712,0.6773085585585585,-0.6296452702702703,-0.5204488319332884
31,9143,0.12763863064639616,0.4785520872815534,-0.5667982954862875,-0.4209651910107377,268,0.11940298507462686,0.4900688559322033,-0.614936440677966,-0.5143695014662757
32,4114,0.14146815751093825,0.42708734671321213,-0.5318944515144792,-0.34308844002516803,1080,0.125,0.3338585145992554,-0.45585733882030177,-0.3234056843891403
33,2910,0.247766323024055,0.7155598950495765,-0.7102021265069516,-0.5017956750426611,429,0.1864801864801865,0.7475286532951289,-0.7640759312320917,-0.508108108108108
34,8570,0.1340723453908985,0.6156655148768069,-0.6714129181307392,-0.4559634330868645,488,0.08811475409836066,0.5874575385419389,-0.7413639926835642,-0.573002421307506
36,7318,0.22984421973216726,0.5047365163139288,-0.5423420359519954,-0.3538288342725391,255,0.18823529411764706,0.4781602254428341,-0.39553140096618356,-0.32943067033976126
37,7837,0.2433329080005104,0.4514196830528514,-0.5027273265885603,-0.33639413715330935,247,0.19838056680161945,0.5174190888476602,-0.4658833230261802,-0.2712765957446809
38,5328,0.15746996996996998,0.48353689896451946,-0.544912726673147,-0.36615474527606406,848,0.1214622641509434,0.4978692904150648,-0.5343194109597966,-0.38682987645925426
39,4743,0.1935483870967742,0.5623646175972203,-0.6401760006834978,-0.404086415198987,582,0.18041237113402062,0.57602076470001,-0.6871318758111211,-0.43821428571428567
42,7277,0.2054418029407723,0.550764626467332,-0.6002731345925366,-0.3980039733705234,385,0.21038961038961038,0.5171783625730995,-0.6371426250812215,-0.3902097902097902
43,7739,0.32071327044837833,0.4020635085838504,-0.4958823176863909,-0.3161772974523992,188,0.26595744680851063,0.34478260869565225,-0.46608695652173915,-0.2509881422924901
