stat,overlap
-0.016612274765510932,0.22310090250531542
-0.019079993995968277,0.2713825115068368
-0.021371517081584447,0.2377219818383475
-0.013163481288513459,0.21404185840273318
-0.04012526067020724,0.28532943252114884
0.0006906453458958476,0.2408163659138184
-0.025773919674123836,0.24206827472879286
-0.032041468398107315,0.253888021743087
-0.015230879357976037,0.2594655161135003
-0.026568391677313376,0.32510743125232294
-0.011652268686897702,0.2343593233729616
-0.018008728400253745,0.20941300221316367
-0.022161394394645085,0.19967344827000047
-0.015518260765654508,0.1913289707148288
-0.002679868423887467,0.2015050897948604
-0.01412973264620697,0.22199137678618125
-0.04185212465016462,0.20154833258532823
-0.03227554977901367,0.21668530718625179
-0.024887427069426735,0.2440361222174647
-0.017318215182060236,0.16576690161326157
-0.01787431315821754,0.1444214461663676
-0.021054023510742318,0.2810860406311807
-0.014827676306844308,0.3023895718924123
-0.022937497546522075,0.22204535219104313
-0.02120486695731821,0.2636486888401121
-0.013285308843274028,0.16235098127212041
-0.008936682488261722,0.22317855930460376
-0.016547095306098564,0.2649259385081242
-0.0076339485196330594,0.19248705040067107
-0.014389372585705256,0.2832392519874945
-0.025687250382457134,0.2869844329736448
-0.008380149098514932,0.22800980863644077
-0.00892158983616272,0.24214171927170283
-0.032169912655576394,0.1852010985359698
-0.021556965557885797,0.19421324164112747
-0.021850621913943005,0.24955264714991343
-0.03256326525010491,0.23474098780683178
-0.02398589977623745,0.25962136770086625
-0.034381978140121235,0.1835409184971188
-0.04028226098259465,0.18216414724417918
-0.0320289860511919,0.3186367514785928
-0.008143665083961417,0.23699751047597417
-0.010962415940323796,0.2461420183755577
0.013750796008983898,0.24903062635285408
-0.00970591104235034,0.20618590669208026
-0.008108187726870017,0.1680459652474073
-0.01795037708730498,0.21888575605610014
-0.020177157570533382,0.18832489095123123
-0.009138236771312546,0.2599083048144934
-0.021146280327624355,0.31604024458908886
-0.0068910249433621305,0.19943923565084581
-0.03213661122038129,0.18980717866710264
-0.020369750102835555,0.2525185184194125
-0.0030122109367400856,0.2632853524650352
-0.019527644831457067,0.2914874768851189
-0.02156824395284555,0.18966552016585922
-0.016215572541426256,0.2251631293636612
-0.0164003832959568,0.200747016771248
-0.025738979187989897,0.2182300571419284
-0.007738301976034148,0.21489779852261634
-0.035837250283945445,0.29881911892718127
-0.006609467635668668,0.21521500361832088
-0.002553760477485449,0.17152960807966594
-0.019843262499443372,0.2258045471009763
-0.03758539901229147,0.2974371163563255
-0.04153903767775242,0.21580013495541997
-0.03756070504950376,0.30734859617754917
-0.0157737349727119,0.229984907880611
0.0002879252538148883,0.27275353940952035
-0.023753317474598384,0.15198687662957222
-0.0069589787912567,0.1919731201006418
-0.039013257256183,0.27989414950791974
-0.02931129790491425,0.278387051563907
-0.018216949314695374,0.2020843965524703
-0.040659734259736825,0.2275389870525583
-0.03479567639491828,0.25381825860820334
-0.03533314457529137,0.2798186898374916
-0.026918362717199378,0.2566125841426325
-0.018398622596216177,0.23139161809940717
-0.026330946199521414,0.24966259528008972
-0.023231254586013488,0.22186170120399237
-0.024213348308071963,0.2211761713254134
-0.01592811622734428,0.31081934208267237
-0.02628829479927766,0.2270643423298644
-0.03344470302931235,0.30241762690776186
-0.03874489021482024,0.29009126905700433
-0.02690336666086671,0.2196289429275023
-0.023414971303424334,0.24512580035042844
-0.02757755923272026,0.20357356379710442
-0.02889992305120657,0.27885778470831485
-0.013266468393931771,0.26471811531808326
-0.009025678596226066,0.21273936177513084
-0.00291424805493797,0.2177690439945369
-0.009952093940806627,0.2146653461328495
-0.009633575539441648,0.23362998641439794
-0.020980489727956516,0.2131213009785064
-0.04403665516245333,0.33190085851659595
0.004871860492797391,0.24622342859380492
-0.030234612263441683,0.26516399714502675
-0.02654481059439251,0.2800878620437118
-0.007788706422448726,0.15983621418688174
-0.007762807906698014,0.2671213868788239
-0.02383057610221859,0.23242696145934605
-0.04131046066498872,0.26381011231395035
-0.023041465396401867,0.21707168107873503
-0.010978556141687051,0.22229329557536662
-0.005248050287779054,0.23628661092572106
-0.028458233454921114,0.28629892476821195
-0.020386125797147353,0.24812382903434244
-0.007162192540131805,0.18299453329851667
-0.016086979368685424,0.2278340192636548
-0.021421172429769337,0.2601773710817975
-0.007868908846298981,0.2305338204582837
-0.04914866690938212,0.34399889382762033
-0.015878763342305428,0.2195183116627464
-0.020476759606955223,0.3065838055772583
-0.02647233573327843,0.27449589425494464
-0.017436909471158803,0.2576630618678204
-0.002545722600209583,0.14948983122590404
-0.030408085241592525,0.2343298081916595
-0.03460123719169571,0.24544728163491272
-0.018772160684026887,0.2272861853108129
-0.0015246499571059742,0.20806772237697804
-0.009557404687894502,0.16633134234157632
-0.02737751622771324,0.26086541877575153
-0.03171953410847496,0.32397134405329725
0.0003722285250808148,0.168331983070412
-0.020125614256874827,0.26619597458553246
-0.009066589737601057,0.24330552415142961
0.0030123033311822,0.1902660698519943
-0.03853359064082537,0.23192628841005547
-0.017371096319293226,0.23845361083656855
-0.03202664939111802,0.25880015444001453
-0.012545097493659639,0.1702322755658086
-0.03520561370928585,0.26460120847174395
-0.01397159352901231,0.2582580352186772
-0.022391465731672326,0.2402114133530342
-0.021279774315292745,0.2701077696140119
-0.030615363681375792,0.24910573434568714
-0.05218380236378897,0.2687614125059711
-0.023965054425561898,0.29243154298056023
-0.009590427119537845,0.2666543457983492
-0.034041520350603705,0.2327360950171202
-0.017538348890559646,0.2049073359545197
-0.010454094518895875,0.24535580063116236
0.003919235952802087,0.2956542654417744
-0.0036383908145634736,0.23040887975742091
-0.021340352938237595,0.24638035208566744
-0.027342711384736127,0.2137796695526095
-0.016859651097116093,0.17658322682548871
-0.020106052692945166,0.2461695169394314
-0.010159745428620318,0.17886945886911787
-0.03335409763752517,0.25742015058616907
-0.03299295426552866,0.19313736963856257
-0.02453608918598298,0.3487979602948441
-0.021881664735426593,0.2088781897525236
-0.004546136487864162,0.17408123383405602
-0.029475018756947434,0.22191393380573607
-0.002178387352731302,0.24806286482265974
-0.030638111523235742,0.19665962351043742
-0.03026463170720026,0.27866308516471405
-0.029205633231274657,0.2541879090184526
-0.0033766933365926527,0.23690635249544031
-0.011818459423962951,0.2167505282792564
-0.021496547647332366,0.27457110690226133
-0.027872700113136983,0.26784468648594467
-0.031077918084367037,0.28399139087814906
-0.03504695404575973,0.19806713645133073
-0.023662837143516968,0.22481463426485238
-0.03644638016660402,0.33019831848668807
-0.017560008187328845,0.29128897295701855
-0.025025293208312455,0.2604162830645672
-0.02934358988520298,0.2454495118134011
-0.01382040929560263,0.24126012764636978
-0.027493430938815684,0.2638705034287666
-0.026960146270616082,0.3297993765497872
-0.030747479175352158,0.3067867413878358
-0.026497169960891732,0.24174156771172636
-0.02048172709970766,0.26161645764936553
-0.011814861210051883,0.2695127411614059
-0.0369383859441874,0.23579195780654616
-0.035141916190645925,0.22271072089846083
-0.006287766563067298,0.25361998823489357
-0.018829912571725678,0.25328664505391685
-0.026770614810949545,0.17192363712927744
-0.015214400975445382,0.2455029549898441
-0.012878605315865453,0.24540673880219074
-0.032041371155858325,0.20186225772146327
-0.00434634687093751,0.21383994958966177
-0.019599205841289713,0.2854493261025507
-0.04358990308870578,0.22110023205404475
-0.0072877887759655105,0.26133669042750596
-0.032129291705698206,0.23855736652894727
-0.02135790890190826,0.20217551959503904
-0.020108709659996223,0.1832298759754675
-0.011371919618672632,0.18867200654399724
-0.010897235615543174,0.21257385972600598
-0.01490913249202625,0.2379095827548398
-0.042588592415673365,0.23315668326252204
-0.027960061708783703,0.270787943396097
-0.01817547988347028,0.21578788747192287
-0.01765809210639856,0.22929488778787577
-0.034170540967895686,0.22158538903618055
-0.010772750357136773,0.198742757404266
-0.01519336157659755,0.2953399037349881
-0.0312892988851367,0.26749942976478397
-0.009020858248909063,0.20325682602862433
-0.03986851704223204,0.24474982932856243
-0.04576265892028827,0.21321562825057758
-0.033314507051306605,0.21529695408005295
-0.038815177733851056,0.28560651280076343
-0.018207221684236444,0.2748463106851772
-0.028694564741354154,0.2489212884960559
-0.028229216807278804,0.26055438995532143
-0.014235226189737594,0.2335890879993594
-0.03797229815675282,0.24160839076652166
-0.01949862383538485,0.16996029531421747
-0.03015744832554747,0.23269554524891667
-0.024324383323970685,0.22051551578873352
-0.012998097838671193,0.2391454158631726
-0.021060140265906798,0.26224119820781633
-0.01750216476239749,0.2643443136550634
-0.009516493930793832,0.16677297920813206
-0.025320109510903153,0.18317808879044026
-0.013709857876496164,0.25377040772088455
-0.0036582544296728968,0.17021830269653104
0.0007663712736773875,0.15927466069874718
-0.030237752492235353,0.2815923840529184
-0.01768853830827135,0.2492137912340818
-0.024398935660569693,0.23975823369483037
-0.0368342608300895,0.2645673656688411
-0.019453229327839248,0.27444988543242405
-0.027207926515917333,0.23549578085345949
-0.024744551574448555,0.2728676477227441
-0.030148512998182622,0.2406390643216313
-0.030403449744751006,0.2008463075351598
-0.0266038178297118,0.29821026200506184
-0.0538038590584748,0.21103672018480352
-0.016689589620770696,0.19353769348060035
-0.01189487438318946,0.23829484219429717
-0.01614841000340843,0.18722183424983638
0.002158228911960164,0.23666036038915902
-0.012259502828037698,0.18026637186504627
-0.026051551637747146,0.2634491391368745
-0.02620982020457559,0.23648624226962953
-0.006383252111746304,0.1985187552956948
-0.0042568938011904025,0.1946174005066638
-0.027262159498095892,0.30424263767700116
-0.0314465098257704,0.3061645577742523
-0.06270443175293353,0.24481313441868635
-0.032882457831143255,0.218414572912673
-0.03737083577108583,0.22320550649237653
-0.020107335692893018,0.19137069002082285
-0.02504567887175824,0.23262288868742406
-0.03382604251879522,0.18699578476519402
-0.030654119094888473,0.26715514375416866
-0.009031590324806488,0.23089707102682738
-0.023014233711314728,0.23049069206246983
-0.028432228674820557,0.22293090258199177
-0.037610607582424696,0.30334983483280636
-0.012241666788785086,0.17368851720015832
-0.023069512605560047,0.18365781794722255
-0.013470481034222477,0.2654771615780798
-0.010052475679678553,0.1984510693015036
-0.011657061843045491,0.19445856402660616
-0.013672707588274238,0.19396685018094117
-0.007693720653820725,0.2652691258878312
-0.017457572717422334,0.26285056157095427
-0.023102114326441818,0.2250215513416835
-0.04984934367791538,0.2778174810185137
-0.00819106266345434,0.18209277850594355
-0.019267826678247592,0.2402480689225323
-0.017868347950783164,0.20899949665801404
-0.024463733115174503,0.2381845819226032
-0.023847983917866612,0.20463756388578752
-0.004807562780002656,0.23629602381913387
-0.03172796008295977,0.2697243719893163
-0.017039297498176825,0.24620325428362505
-0.02173579606031489,0.1990599156526108
-0.031929347861040215,0.2940922382764379
0.0020504558481224014,0.19481460350166696
-0.03307237443945275,0.2237895869532901
-0.03539140718701835,0.19878475549248875
-0.005338122474523372,0.2562529140789479
-0.004834689748443069,0.21680315923595544
-0.02128841236400105,0.21957458145438774
-0.03913329372902711,0.24078558260728058
-0.019167779238580977,0.23689577437065687
-0.021837003465111856,0.20568579126366884
-0.023873929101577623,0.22974944932012825
-0.023964340878914147,0.3391489124215448
-9.481238217780854e-05,0.1839486354422278
-0.00690308191103503,0.269015576923874
-0.02765463190802275,0.2839305042904703
-0.008199627265686765,0.12992737825362213
-0.014504097040277745,0.22753234238450204
-0.03528375854285019,0.21363082970793612
-0.033521837938484615,0.2569833633777015
-0.024057952972280423,0.276489492401296
-0.033063961798806975,0.19537626301793357
-0.016150019988665568,0.20808402679235297
-0.01808007181425571,0.2882983531586623
-0.03873502381501724,0.21997075006277125
-0.00875280119005369,0.20064757512784298
-0.033045294352485814,0.19223379962186748
-0.026234024137830235,0.14833924383479968
-0.030759438084673303,0.24954159149108446
-0.013604677241181005,0.20141550823507942
-0.0254946781692276,0.2592906345146046
-0.014542188144658647,0.20916802306076332
-0.018232359393454543,0.24705293936545064
-0.02189448643681445,0.18515563195428983
-0.01604692146333029,0.22405485707612158
-0.01813924297989982,0.2372129548135569
-0.008773611336722867,0.23698659210671946
-0.012809627647812554,0.26665392301893287
-0.025850197722361395,0.21301541484815525
-0.0323832891237054,0.19851973284119606
-0.025276006946546258,0.22890906955964582
0.004986431765531214,0.20960495774851232
-0.00727224026130384,0.2206333819870438
-0.018680857592324355,0.24536653836316874
-0.02785540436786298,0.2607214801581936
-0.009628830120986295,0.19075054884789977
-0.021380230728234955,0.24985499968625885
-0.040949711060002864,0.252657832308532
-0.012753158836462122,0.24505190774750665
-0.0260072101544492,0.2518541508848023
-0.008961982547855993,0.2965587694421479
-0.011048922540742627,0.24734799296589693
-0.006318382913208076,0.14486704895941518
-0.032793036293536505,0.28224335238455334
-0.022523613166090903,0.26117761099370873
-0.04200035578418675,0.24806899856752002
-0.046351974656417355,0.21105970723951714
-0.01646812705854582,0.22194445203601493
-0.032172748215593815,0.21889575756847945
-0.009755548309023894,0.25136773325309614
-0.023284624385646827,0.2816104384846796
-0.02956856477392491,0.20492571311962218
-0.01994808928509011,0.2790059985254045
-0.02646234549588338,0.19047426801363984
-0.010843164649385192,0.2221621625200358
-0.0021261635432540203,0.1897107784088786
-0.030946191839831473,0.28666133668883725
-0.003656690133342182,0.20646634738381767
-0.034378234687166234,0.1943598237171853
-0.015757271102561293,0.16811229767955754
-0.013796149062710142,0.2598523063879829
-0.015988127592917706,0.3089495397141366
-0.019883578369607195,0.2784771658342687
-0.03278317399367642,0.24859376823913368
-0.004918260604938417,0.22206377313026107
-0.021976880613578883,0.22029613180442786
-0.01257844025208544,0.2135127378626875
-0.017490218266510326,0.1885433754942485
-0.021062121950976138,0.26743294719154953
-0.01569464209910618,0.2826206484419039
-0.030456687220167714,0.24316800451729598
-0.02168844371393757,0.2432117667744707
-0.03773753869736402,0.19168917261701587
-0.01676764981722351,0.19221739710491526
-0.011409785013604718,0.228847747930312
-0.020861812550717198,0.2870390763274985
-0.007625635396503241,0.2433386439345863
-0.02001371427646123,0.29146451373999865
-0.015130442181054977,0.20790336061110287
-0.03440729936280114,0.24205387747343085
-0.019236714362474178,0.26352675656583224
-0.016904581394042068,0.22668881748413022
-0.037858117755225275,0.3638927344330513
-0.022574998539437303,0.27578374236777675
-0.03324958151119956,0.22871118849034072
-0.0019717049411014384,0.2249923758115895
-0.005355245754791015,0.3174160672769627
-0.03486086979784938,0.19767626437316171
-0.03955531009713951,0.23300443622402123
0.0027312973818044393,0.23941128704359652
-0.028165364372233107,0.1843189704120733
-0.012484229308780789,0.24670685425869252
-0.01804254349510706,0.24144565929251893
-0.04021348636720768,0.22811440095225446
-0.018893372498234553,0.3493318500494108
-0.015563569016129796,0.2124645531611252
-0.012654555661290702,0.17206283135449396
-0.014060946891039393,0.21744873474802717
-0.02650491130066334,0.23296615327093867
-0.04267158960369192,0.25729604440333004
-0.038263837212893045,0.21254669936320292
-0.0017948774679472142,0.22476228225521613
-0.02529113012948735,0.21269249750298377
-0.001262306522184136,0.20477286209621423
-0.02330868029062401,0.26445929305742866
-0.026964932309819164,0.2645924386876653
-0.010553831170684742,0.2093046977658947
-0.021681519204108032,0.2558310058329806
-0.0022045095394263646,0.22627825578184865
-0.009196551456890889,0.26432225433222883
-0.0074707097168857164,0.2920009066048826
-0.03241139172820072,0.2899585534219483
-0.041816547319675115,0.2568657126378203
-0.016648448315763384,0.2410831905572909
-0.0025545109695519906,0.26672411444009503
-0.031038576780505343,0.258933697498373
0.017001134157551428,0.18230321911638842
-0.034563318276365024,0.25306303178314205
-0.01694474954145217,0.18296864672111063
-0.018084159392482747,0.22554012191264647
-0.02466518452570144,0.19147065624000612
-0.023558910745638033,0.22615372942893003
0.012460314704583277,0.1862950820329599
-0.03391581387399178,0.27172121882806466
-0.01832324795047092,0.2727163181046329
-0.01859695856475776,0.21018522569410814
-0.027778467737623155,0.21123563420249034
-0.031140856706810636,0.2652075409418561
-0.037883073911963806,0.2514010550329974
-0.0067605080933638454,0.2360874274748499
-0.014297032547584328,0.19197697740897213
-0.014449462116731258,0.2426005899437964
-0.018369932848960335,0.17160938832495823
-0.0030589313797323866,0.23515498456579828
0.001337369822156374,0.20278771391184516
-0.02144198823133631,0.24836362741519585
-0.016632154002147233,0.22196844459263204
0.0011390955104413419,0.3214714129793835
-0.03305331689027658,0.2813911559364693
-0.028727639118099706,0.2235826473790608
-0.02578366300369889,0.24384436223156766
-0.030479823434689,0.23037542873572037
-0.01813544072334252,0.1856153668827718
-0.01614007192113819,0.2610906481356569
0.00786962891067056,0.245403272331455
-0.035424027345704566,0.2573236087907579
-0.006022778720119312,0.26962255049978423
-0.03329348870416266,0.17206127037134497
-0.025607985063221563,0.2157433428326049
-0.01541026783813844,0.25186187211002653
-0.006059006692097138,0.20765017635821095
-0.02030866909051965,0.22250869797741685
-0.03753759958455806,0.18144083817811968
-0.03249671388433285,0.32484665172386634
0.001096833399019344,0.21937077923609954
-0.030559641441712814,0.28768792185454556
-0.020907757282297625,0.2851938894962008
-0.012357358933830847,0.18872803908529515
-0.035520455596349254,0.265008887421657
-0.027803830822054777,0.19718424533520365
-0.011048015073609035,0.25002528544313046
-0.022738950567218568,0.21876112559147173
-0.02004869286774937,0.2905099002658782
-0.0305717845234767,0.23643346662908946
-0.033874335769290186,0.2055711134357782
-0.026458461622825138,0.2328825325926104
-0.03959054920327988,0.2108154385200083
-0.03256198629987347,0.23445363532447694
-0.029668981045002638,0.19496410674077996
-0.027704371759060133,0.19434490742612034
-0.027347646337860253,0.3250215017900242
-0.021561607582845435,0.24352335720637747
-0.01489872165203695,0.19934603418960495
-0.012057977599331965,0.28389420262122056
-0.01400178404586444,0.2573752113390962
-0.023172177915994505,0.2878365830429501
-0.012149175764608531,0.20120242953576858
-0.015696991552541905,0.21242859580093335
-0.017410753551869898,0.29806144968387716
-0.004140509960382543,0.21223699502987473
-0.007415703756959379,0.19545543940914015
-0.027489068214704943,0.26687896683311374
-0.031046476929673463,0.2952794236192105
-0.015798338656073704,0.27991910468662906
-0.02435338522840111,0.22363647346338955
-0.006762546068404183,0.2795830653443332
-0.01593758966674748,0.2255869915735169
-0.022192814781407152,0.19890725563173559
-0.011904715088552693,0.1359701647574727
-0.02345877400542234,0.22459104159557178
-0.030732171109878303,0.2521200860740245
-0.03291698058404713,0.25560878357745
-0.04765722282840665,0.24850142652286003
-0.024361959937433123,0.2605725624931641
-0.022481892311486847,0.21244363543119998
-0.026383590644083077,0.20992092350081337
-0.022075824774047743,0.32093141902469896
-0.022583835646754265,0.33963748015037787
-0.025409789188019512,0.19505767415458422
-0.02518243070389324,0.2043702682316338
-0.020649013977249296,0.3396401732215719
-0.04477009877236617,0.27260473794172807
-0.009473737033975778,0.3300599417999232
-0.01652442898724724,0.20204409574043106
-0.03373856931737387,0.24672769628429767
-0.004875883181927726,0.27222568630726424
-0.03442457826226691,0.2489679727107568
-0.027842281175558346,0.22742442641135122
-0.0204663264825665,0.257419991100798
-0.024265543368771444,0.22652287517012695
-0.023548159947738144,0.2110519782706374
-0.034791779801014396,0.21881427110459215
-0.006281703885449717,0.1838035513110164
-0.01604206786985829,0.26804281613256725
-0.027072999364874815,0.22307856409010626
-0.033847967145568356,0.3494942796151108
-0.008285580818659044,0.20933935966438685
0.005155098201187515,0.21859724833623248
-0.030703292257543136,0.19954900129457404
-0.0016617055016353998,0.24745221940117734
-0.027850779618438713,0.2004729696036694
-0.018344233049416132,0.22000152801416853
-0.014580957525562788,0.20176042198054897
-0.009808355246498285,0.1836025299826505
-0.024734203484527026,0.21790837298289184
-0.02845192306167231,0.29449171340788505
-0.022858213948933358,0.2697284125540088
-0.026599434418162347,0.29466925878207434
-0.023626457044105684,0.2705092711488033
-0.02130473138824774,0.2256684499973969
-0.02776522129551898,0.29403014794223137
-0.009804992497522815,0.23153353542332364
-0.01905519288437896,0.26302974654326333
-0.006682904512688319,0.22682047017699677
-0.018279477125000207,0.20179130472087572
-0.016108816481227646,0.21095762440996946
-0.03704790466247263,0.2516196037632475
-0.016496327781563458,0.25338995455000185
-0.0227537825205957,0.24611933422684962
-0.008525785554614829,0.24555940107553265
-0.01860180979557915,0.26604642714492127
-0.018859018344126524,0.2806266651171773
-0.008238414235147559,0.2636628722191594
-0.034514584094078295,0.3231917906893327
-0.02088180470400906,0.277491856875994
-0.031131608724230722,0.25844505994525163
-0.008963497781073526,0.21993162876250164
-0.025242739342100907,0.24598883453023476
-0.02076388409277885,0.24893650604524098
-0.017220164140017466,0.19853757915800047
-0.01652815004883637,0.26974512737977324
-0.024981359571583123,0.2162718542697228
-0.024362721972251374,0.22790808067260238
-0.03852866260206584,0.23799162235525337
0.0005129164620878487,0.2742147376757791
-0.021863130501937736,0.2380807962529995
-0.009886193362501863,0.24091230445586348
-0.021765281793115467,0.3034409069286873
-0.009657808410253545,0.20483095516343897
-0.034470796504608756,0.2447698232660707
-0.02824367134018626,0.20887805530102277
-0.029393456339382666,0.23196155529074683
-0.013080178425820283,0.24460644802263318
-0.017605388820455627,0.26489156373697165
-0.027229108838215187,0.246627768803658
-0.012426871070593579,0.23644729581991591
-0.03822157530532793,0.20937033047433362
-0.008447236942022963,0.23568675519939877
-0.019157245592884543,0.2681487353747617
-0.006513202620982478,0.2503717411002765
-0.04034462345546571,0.3190888107658246
-0.009921437487097319,0.17618099414335744
-0.0013330666149855947,0.17388803167811148
-0.03384777729642401,0.19378860969371353
-0.012697388824746886,0.14305749947853402
-0.024595824755927333,0.3115149975493164
-0.023110155974779556,0.20651164067406833
-0.017570458393933897,0.2153921213758433
-0.023889840794629046,0.20920276202167734
-0.030345049722777906,0.29133717423165545
-0.030349051063437823,0.23618474910248607
0.0006515961456539722,0.2697799313157691
-0.016957376964880814,0.1999333520416102
-0.00035588794274802834,0.1706782641723689
-0.015765250861064478,0.2246623365165719
-0.025569605338476784,0.21197766398994516
-0.017067858433014466,0.28456302377584336
-0.017302167297187393,0.2520522221348123
-0.025022834830036037,0.20362185660457036
-0.011915184063043554,0.2775283433257966
-0.014313816859189369,0.26703062318623794
-0.015344774507049507,0.26736420182987924
-0.034074213352486754,0.20160589257060926
-0.01901664439221181,0.28788178312947466
-0.03383731282098136,0.22543890251603632
-0.03779314896268079,0.2643473305259901
0.020192796787974275,0.21468408024767244
-0.028835749735388813,0.20536234365116063
-0.016938592590017534,0.21268174485691166
-0.025322852809180157,0.2298892719446752
-0.020533520372281712,0.25171254793731623
-0.02210169290637158,0.3135784778260622
-0.018495477154453883,0.26542851075623897
-0.016439499633984684,0.19453735365447158
0.0027443958315883665,0.19877013639077049
-0.028181833666768956,0.19936345652262863
-0.012866643321699829,0.19130910434621964
-0.020484532057484118,0.24375078152411978
-0.022158977982528968,0.3165290574078104
-0.020765399479109686,0.23096532737755346
-0.028414725009686427,0.25625170812715803
-0.006593166583208415,0.28077116065749225
-0.023358770408460374,0.23717618932978787
-0.01823303674478557,0.22697253781664933
-0.014341874412080301,0.2657342344485328
-0.049123453105500633,0.21969447362646607
-0.01858715741842104,0.22188955963498555
-0.03143214118873849,0.20190695730684338
-0.03192550112214588,0.24358396332941598
-0.0155214790021923,0.2647526401810396
-0.03680253108701027,0.2692973396094796
-0.011904905296159753,0.23929680231726672
-0.02838498318234998,0.17587532440951045
-0.01838952434561548,0.22513709270630755
-0.005530298895365681,0.2613540505812287
0.004252947702478547,0.17865960238626982
-0.025283526287300594,0.22480827489240482
-0.022828965437381426,0.2329350258531223
-0.010137794008403868,0.2059395779874164
-0.025703077265910368,0.20281529256617947
-0.007251428624408884,0.25010440488502883
-0.02781211179841637,0.23371155976742253
-0.021601547600069906,0.22669489977902604
-0.024107842472684913,0.21765006183480287
-0.026651274577794516,0.24364036309021284
-0.018833959578928423,0.2456236345747616
-0.024043179344189456,0.28317266618519754
-0.012027637492168364,0.2191237540699692
-0.0408454861320674,0.307406073425287
-0.02238864295425918,0.21291384054545173
-0.03486867008665841,0.27545345034705837
-0.03652195263136245,0.33696805081966863
-0.005126646134612328,0.2226031456789113
-0.014897087321362116,0.23002525371810723
-0.030958667833111384,0.19330115545501397
-0.0062931427226820885,0.27574154282054936
-0.012748865347435438,0.23259057932399707
-0.014390822024040769,0.24426505172066304
-0.01667417287090982,0.2560485421752916
-0.03761403808381975,0.293292711647598
-0.0370626184069411,0.1901227443024087
-0.03504473723897482,0.23574491304579437
-0.0075589876727737565,0.22872405166092938
-0.030414977965196394,0.27373681993477644
0.0008856839069382301,0.21399830270030154
-0.015904443830467272,0.23962184681868448
-0.033725662551888136,0.20540651581225888
-0.033563268005721805,0.19665776095493956
-0.005212317217966081,0.20399930806153338
-0.02134417847352005,0.21730873400622283
-0.011165290490692445,0.19356750563933736
-0.017388118824051595,0.2453119633629937
-0.021696222551027173,0.28570996813047667
-0.014652860954661106,0.24399473942975206
-0.008659597320820576,0.22249818960360623
-0.027706873787746767,0.30083892970538334
-0.026269277475564515,0.2544119438418038
-0.039212869482324164,0.3024510305189885
-0.015251307475954547,0.211204520516402
-0.0340665133957925,0.31815248658213635
-0.014928634323799119,0.3080525288850909
-0.03417218382547577,0.18863430011992058
-0.014606969948561681,0.2338880088139404
-0.024750279079103273,0.26408684374596775
-0.026785053308942028,0.21547260527478407
-0.0065918745005691965,0.2010001206428057
-0.00130605381582743,0.2419066051333949
-0.026589923585497235,0.28090933788759054
-0.008696318793273795,0.20429319794648998
-0.019030022882579784,0.23745226845005465
-0.01197134411188925,0.20049570502786115
-0.02134554653965777,0.190569244878821
-0.021196783377787867,0.1997981367296225
-0.01423402432034624,0.20310189420218352
0.0023964251560098715,0.17874683341115244
-0.00020492419029596523,0.2290853780891449
-0.02208645054232081,0.26492790450776676
-0.03751726123143228,0.2186229549858217
-0.0312674926230377,0.2524683396441436
-0.026203707042114357,0.24450353578631245
-0.03335833315746924,0.2634815985437085
-0.002029443156615894,0.3021405437313245
-0.013710581675968492,0.22357087688818444
-0.02175390910689879,0.20612917105021475
0.007444003151505905,0.25492983059267815
-0.03114484122183252,0.24832611538960628
-0.027130388319214802,0.2676136684952191
-0.03780280223146279,0.23294681861381267
-0.019089863884705866,0.2700078517205469
-0.03207366888546604,0.23219447739473167
-0.040229350127610364,0.26400500984912667
-0.023650414734916674,0.2454377118865094
-0.0153174691667134,0.24135904913519743
-0.03692385793020159,0.2709271532087858
-0.022162742065040545,0.23791125013869902
-0.017480049125349232,0.2601385279854995
0.0034875893389169623,0.234433051584208
-0.010165788228355371,0.19744314637434748
-0.014538326383885284,0.22948068020645584
-0.017806346357949743,0.24981877567249747
-0.02110324924427806,0.2579146449928194
-0.0160048033979732,0.20647050403536688
-0.03044306133250266,0.20442076341430493
-0.02656184112593788,0.2644350201978025
-0.023885797521205853,0.2469799272509192
-0.01306534368533955,0.1927624331902601
-0.01611346101481814,0.15809638860673705
-0.032432380043662896,0.25202546160835565
-0.02934488068921132,0.2537376429423641
-0.005053521791078388,0.1956242434449864
-0.02833866445511502,0.21388419576263273
-0.008722761936815123,0.21390079935090417
-0.018553694521401296,0.2053764330329275
-0.028117565458781867,0.2920314748888084
-0.02323669507505143,0.20961302884399136
-0.025864848474446936,0.3241782014169434
-0.03853058401662874,0.2557728574061226
-0.006425581974728632,0.19904547340768494
-0.024365950355717817,0.21940720878500872
-0.01323393936158469,0.2621161734264495
-0.02460264715323349,0.2332549766368797
-0.028566142586114267,0.257438031599314
-0.030647719020486804,0.24807301738956028
-0.023397582635370038,0.21005479607644673
-0.012720269729446562,0.26800685297247084
-0.017103591225598246,0.17357797130674657
-0.03164797351501999,0.22812360741581358
-0.02092398599035514,0.22899832318898153
-0.03854282978508294,0.25388332666148083
-0.029518249703971062,0.20339170355814454
-0.04754667892083853,0.2172943610386017
-0.025764671005198074,0.23981112239990288
-0.03179302206405722,0.18046363200554105
-0.017331797217513007,0.1672926126543155
-0.026439407867502426,0.25656228449107693
-0.009603981041193307,0.1831535369689666
-0.03386801197817079,0.2685780869230673
-0.031438414559888876,0.2197949801192528
-0.022351158496203682,0.2178925436034359
-0.036669294958516924,0.2267220520043619
0.0010717488102891491,0.2406602048166496
-0.00917068399397337,0.34067142685466406
-0.02951217850373345,0.2236845613491059
-0.01147476261263469,0.23920329137245616
-0.03395725446645212,0.2356795276704478
0.00514976747194629,0.20547143485550104
-0.022456904987383508,0.2698843061467276
-0.020123285340132163,0.21562271147424583
-0.03452839679965068,0.27373727425802774
-0.023196223858178072,0.2788137799375399
-0.013619174096584202,0.1946726948649359
-0.03360089832624851,0.24776145964473403
-0.02755412690241777,0.2935892729168841
-0.017286685276256746,0.225193576576345
-0.016912822078993354,0.25391156756031336
-0.040802284244099374,0.2262924148721327
-0.036274543420463545,0.3119966254561411
-0.02495107757500292,0.15625322959444837
-0.023586013568508035,0.25636676916675344
-0.017389616699266974,0.27556823017594473
-0.028266437938313977,0.23991765997649955
-0.022509670434120183,0.2101136851099636
-0.03323635317185698,0.3015766284766015
-0.01971376215256593,0.20148434776084823
-0.006660743124858802,0.1714549412914994
-0.03564176472282017,0.2729754103957358
0.00612246540120636,0.2865266798656216
-0.021766099290125695,0.26615882677168257
0.01484891839794722,0.19944457955594078
-0.02752528849106167,0.20292556626173952
-0.01224018263261446,0.23813276334746264
-0.01987954507641911,0.2659189967522951
-0.03180662004716682,0.34835835948775334
-0.025454834518562883,0.26095107998114053
-0.016823687983056928,0.2004398958033264
-0.04004497499585047,0.2101264033291977
-0.022379003661924687,0.24529736727731144
-0.004783191833608462,0.12101555424359971
-0.03253059463823184,0.2165144015809365
0.00511180676970625,0.2570504633823326
-0.04941380632286824,0.18832170082599572
-0.021098131100794417,0.23030010184758978
-0.013222438654931223,0.22399941085152697
-0.01429854796940625,0.26762913883835865
-0.01755008653590306,0.27209696313657583
-0.04201641567805785,0.26009425581545
-0.032264604089826336,0.25306811532868756
-0.01983381001524113,0.17143341221614705
-0.0076894236183381115,0.26623217063448473
-0.023880215291536534,0.21396880209822267
-0.013724296089085744,0.3203278227587109
0.008043487342201032,0.2638456792508303
-0.017170847598213735,0.19599437755393442
-0.015979297461702915,0.2366073004789957
-0.029158133677402172,0.17670973217491615
-0.0277834735995667,0.23907250731530472
-0.03541351440164552,0.2874108393191842
-0.02723316974889836,0.1624867073340328
-0.017182678511287755,0.19999812177017215
0.0030320807628802676,0.31661954928604036
-0.031369345599285545,0.2475010034526096
-0.03950011217209136,0.19535374623745116
-0.014085535497179566,0.19748354130521956
-0.028588607096815474,0.3061284218396607
-0.016049662503733457,0.3275691100446794
4.4797776450652054e-06,0.19661666662175542
-0.03023794060477061,0.23638861175133175
-0.017641515387519197,0.2313549862495941
-0.019778994455980276,0.20194344572854334
-0.03551884638977436,0.2362481103704861
-0.01907463566514152,0.19656043078728136
-0.018693831631792213,0.1888250822264091
-0.03900656402791141,0.35419000687042934
0.005407459111412978,0.2169828604724988
-0.024742852087893622,0.31535259009862826
-0.028864102492554437,0.212318619498563
-0.040650266148999,0.27471326490678627
-0.03232798528831272,0.26666021023261427
-0.022017661103474473,0.20399092213735176
-0.019565149994339594,0.2586221705018639
-0.02446854346001261,0.2293783993274564
-0.03425849160249101,0.3134190575695351
-0.024124107093447582,0.23919207693861466
-0.024856573842240545,0.2252579533671938
-0.005259968924105574,0.21992401810209342
-0.004060580236362021,0.20021496540669706
-0.012027505688552318,0.19353961146075707
-0.013505205480637932,0.2500605095567894
-0.03938287916171729,0.21724277678113504
-0.03746400653784018,0.3074776181811478
-0.05051167964684913,0.31851734865125925
-0.018974502919140688,0.2886233683184736
-0.0323820521896598,0.21157043874650058
-0.007462139563938885,0.22853266169424066
-0.0036872693802767376,0.21416849123538234
-0.027855970450514765,0.14349334392650126
-0.028459558478889844,0.3225040062185429
-0.018254077727687824,0.2124496754072949
-0.043746464653423904,0.2518780375466472
-0.012330388234188663,0.2535266155572029
-0.015078963452674758,0.22266134982694497
-0.01999105569864293,0.14600813270762805
-0.011909575527526356,0.15688458862498617
-0.01828556196095595,0.2325133526960331
-0.026815748035857928,0.23123584177429227
-0.023455195070747434,0.2482502959025816
-0.013352092241861345,0.18087357568902326
-0.004267171703094218,0.19051486065268347
-0.04784070895255157,0.2897042440364588
-0.021156899146355327,0.25968094179277235
-0.02310800339253798,0.1969485511002509
-0.013148442745700071,0.20039708718436358
-0.013555649586787708,0.16936452966778162
-0.019702276266714707,0.3424801844457324
-0.013120150405026666,0.22654118625383696
-0.01943038851231307,0.22973722998529594
-0.002649876305967596,0.2499947555361888
-0.029742816062846577,0.27292128401950416
-0.02794978310334663,0.33540732668174394
-0.018508119793912925,0.17566816079079836
-0.047626205539988746,0.21238683167867278
-0.032072650167621855,0.19781027312524496
-0.004987207432557498,0.2270513075818565
-0.00996988909981743,0.21822391807799893
-0.003879103289086048,0.18025177720255353
-0.010779674712772493,0.17935989932732568
-0.014575600062044076,0.2759910598946258
-0.02685641204559094,0.20342884203488978
-0.005576596111775578,0.18390627102960075
-0.00451850920130611,0.2163889321979008
-0.028319324668563725,0.23024492764972712
-0.018942080927269917,0.15221070388541166
-0.010927901651164727,0.24467134390246506
-0.0007003579083587595,0.19149564533220004
-0.009609535271470132,0.25214996110204574
-0.016707255476369774,0.2402120174869918
-0.04030092992600533,0.25797816775626975
-0.03068339702437706,0.2663183218642372
-0.017099931820353974,0.22749588025548637
-0.013434304351891873,0.21115792678299117
-0.029894459103194597,0.24277466984945625
-0.024380085696369912,0.18732331736822316
-0.033884498539010925,0.21357278073302863
-0.026636137779626062,0.24850526155487762
-0.013765199293940685,0.18879407417220506
-0.011160179435287637,0.2167810417184302
-0.03260736247611307,0.20318938980074525
-0.02967895283569431,0.2078778053803547
-0.03652992725553712,0.2754889527258615
0.0031518457456530024,0.25148316958946926
-0.010037950141651058,0.2212691778424652
-0.0046156966515061345,0.22274647066539413
-0.028660459650965506,0.2672432909139432
-0.017423452286424345,0.24019552728947546
-0.005066246074173902,0.20169613478576523
-0.024379826412027426,0.25830566184022535
-0.010041081742049412,0.2458696231922705
-0.02002791144158675,0.23062370527200288
-0.022180270397184385,0.2969925703960172
-0.018636663916429187,0.22088348412744757
-0.014582327419658798,0.19287393128879715
-0.03052327614902703,0.29078934035427617
-0.020421425653041468,0.2814459192738786
-0.01608709212740771,0.2502017380820048
-0.007215941168677411,0.20056741797920702
-0.014552456616639592,0.24241324055503946
-0.01190921524278581,0.21366136809745423
-0.011403556660208527,0.20739809746874893
-0.009141824910570247,0.22775981507423693
0.002032456708852435,0.1828786651550735
-0.01192096298203058,0.2600147363771174
-0.024587224433803477,0.22580134396818746
-0.053617566964686,0.2596371517580563
-0.015174557436289789,0.27378611534392727
-0.024994460010299334,0.2416208961748964
-0.036259151492136474,0.24789375190915627
0.001483405399338399,0.1516263478410523
-0.018609329372215426,0.29612124053833677
-0.010811222946636966,0.2502877914907671
-0.022131796129623994,0.27742258817263066
-0.005497945964834511,0.2035525635273182
-0.023753749919167656,0.2459326867226013
-0.009837676755752835,0.17727196835055337
-0.012083389404497767,0.23699053313976204
-0.028309987754748495,0.22099445833154763
-0.013158769824016753,0.19404129902582523
-0.01699122144460629,0.2755785554831229
-0.013366494423768565,0.2471474218670563
-0.01398489950203207,0.21771431234201313
-0.009953475643408113,0.2356907054622377
-0.02707595764400074,0.18546327764505896
-0.011803922168733655,0.2304377752988693
-0.03800673978121429,0.2545897499722599
-0.016032356676113708,0.19783252921647979
-0.027873209085140377,0.2067676641490485
-0.012996083183633026,0.2018926835094036
-0.028620183552449822,0.21724472756587726
-0.028823657709320976,0.2751115015074982
-0.007260091645761793,0.23466324381821718
-0.02261370414770205,0.28342651911928135
-0.02695381401892243,0.23370023672267162
-0.008112420661583651,0.2152903774169111
-0.02220567182290325,0.29802381574678877
-0.025989860597689547,0.28699429564944134
-0.03486483076050525,0.2143521680464471
-0.006951934954087021,0.16394701697278002
-0.008565514285554996,0.20714940075592833
-0.0414611862170637,0.23084115563514232
-0.002103899645073162,0.2481320065817238
-0.013818012132794382,0.29651036134851866
-0.005887002717794556,0.23837712694393592
-0.015355598289919992,0.252673403880882
-0.03404234699104863,0.30072136766145463
-0.06040766155816854,0.2870226133369061
-0.03433802620894556,0.2770999827304679
-0.0039040901605934208,0.2693701190388323
-0.03748525006561254,0.25039884576521804
-0.0227493604888121,0.17233055992515703
-0.022010638120396577,0.2365990121722653
-0.029420738206195816,0.2334718727191335
-0.03310930855448773,0.23062332732768762
-0.02415900723408188,0.2705500032652941
-0.01031643268933674,0.21170037614002157
-0.02153277972937271,0.24067777356341544
0.009542462537157544,0.19064201856722357
-0.028848102690816342,0.27440055987202877
-0.029494038430219985,0.2929129201388324
-0.013065509187162231,0.2707170430460291
-0.00940993541070823,0.26213237599204064
-0.029726540741901973,0.2535645083456845
-0.016849918549035354,0.22718038664035448
-0.022216976582781513,0.21619743908918226
-0.03273186719239365,0.26049241941394025
-0.02354934929547772,0.25955921286402267
-0.01887371916004471,0.26527311623709127
-0.03855051848391488,0.20176973729693284
-0.033067067714831734,0.2019508713636262
-0.029472045658383492,0.2273124172413725
-0.016838389111094452,0.1798378437825423
-0.028184339481036973,0.20876469789546914
-0.013593556627511313,0.18354945452527488
-0.03690079619034943,0.2011394938077547
-0.022195985819714024,0.21311006440960167
-0.027331392123112648,0.26029892410190963
-0.005658701221711019,0.2532879719884962
-0.026875066492849403,0.2290606592647312
-0.025278420471057054,0.2634364072234188
-0.016390429749428094,0.22976357614501253
-0.0034524799645791805,0.23837624731168447
-0.03645164868426025,0.28059441203625884
-0.006968903500440943,0.23636926145837273
-0.018264095757312117,0.25190666166729736
-0.02142177378770964,0.17291692229795833
-0.021552053159230034,0.18080227458078751
-0.01779049358045603,0.21576360913586312
-0.00610327202156814,0.17172113574562245
-0.018067535169786517,0.19638477158743842
-0.03355065192419898,0.267063705339654
-0.018667884077071404,0.2597131130705813
0.006914253321839157,0.181376287750993
-0.005769083020237935,0.25271549019095074
-0.03878166010440874,0.22367859994306655
