subject,is_mw,n,skip_rate,importance,zipf,length,surprisal
0,0,8431,0.601233542877476,-0.056098359005040344,0.26895768789280217,-0.30982078488776366,-0.19184792328665756
0,1,1402,0.3773181169757489,0.032240043133968666,0.39352384169487054,-0.4308524805280014,-0.2996178049822903
1,0,9259,0.5228426395939086,-0.037164445949786296,0.24509716826686634,-0.32334002165186104,-0.19845648279086092
1,1,1274,0.4764521193092622,0.05240707488101082,0.3251224470137255,-0.35674255129436927,-0.26736388002835376
2,0,10597,0.3559497971123903,-0.023392143381538943,0.4166414568111281,-0.43441184125171395,-0.30175162341692463
3,0,10192,0.47615777080062793,-0.008276133457572832,0.2630168690151631,-0.3063582338160924,-0.1985672557267596
3,1,456,0.32894736842105265,0.08383442265795216,0.31019607843137265,-0.37764705882352945,-0.24444444444444446
4,0,9568,0.5135869565217391,-0.01868585742672546,0.29562659085650056,-0.31999497502290797,-0.24047016874868454
4,1,491,0.2892057026476578,0.086323096170144,0.30305904193066713,-0.41599741716776306,-0.2881572930955647
5,0,10012,0.5169796244506593,-0.04195594638613287,0.34848422380830013,-0.37623066727774557,-0.2670375338920401
5,1,413,0.3050847457627119,-0.008019467949781589,0.44062828383385866,-0.5306675515734749,-0.30228112654517647
6,0,10243,0.49594845260177683,-0.001782024123800352,0.16615381858499534,-0.17869146912998457,-0.10920955615442218
6,1,407,0.2334152334152334,0.08697705802968958,0.3746963562753036,-0.2605263157894737,-0.38306870455557207
7,0,10471,0.36968770891032376,0.001889301175015401,0.21093836844288916,-0.25018243661100803,-0.1748082316540439
7,1,209,0.23444976076555024,0.027423469387755084,0.18724489795918364,-0.28048469387755104,-0.07347517730496456
8,0,10634,0.36054165883016737,0.044861494676117664,0.3861214290097885,-0.40614540182270087,-0.2979297086782875
9,0,9326,0.6088355136178426,0.004263193813611066,0.2568660569727419,-0.3031315947825711,-0.19680995855933414
9,1,915,0.3901639344262295,-0.0702087286527514,0.4399666676706524,-0.5099946788751343,-0.27277235906761443
10,0,10634,0.4325747602031221,-0.0432646885042729,0.3486566701733653,-0.40724650891325964,-0.2689679208580714
11,0,10286,0.43408516430099164,-0.09385922268928981,0.2810752203715434,-0.32841580461367725,-0.1908660467355645
11,1,245,0.39183673469387753,0.032718120805369066,0.4116331096196868,-0.4207214765100671,-0.3492163009404389
12,0,9062,0.6525049657912161,-0.06786871583552712,0.23694141961157222,-0.277036774953777,-0.16728409774126907
12,1,902,0.5487804878048781,-0.0029235847417665717,0.2590077680986771,-0.36951331496786044,-0.19636867760833598
13,0,9046,0.44793278797258457,-0.0226751865318342,0.3274880004079921,-0.34312384140336616,-0.24094859415576397
13,1,782,0.2595907928388747,0.05153270884912842,0.45421441758765324,-0.5209083097237466,-0.3710842457420924
14,0,9208,0.43516507384882713,0.022602869512097445,0.31361081383871237,-0.32429952063796064,-0.21274349053524488
14,1,1422,0.3459915611814346,0.026374683101669794,0.32356193723227555,-0.3945886878223621,-0.2801347368421052
15,0,9794,0.3477639371043496,0.03311433173842171,0.18219174531224325,-0.23661410432288077,-0.12380356174629181
15,1,435,0.25517241379310346,0.026665554443332296,0.317067067067067,-0.42453564675786903,-0.29611589068825916
16,0,9019,0.34493846324426214,-0.025088319843515117,0.36303764765948343,-0.4041638021069667,-0.2875362956064871
16,1,1278,0.24569640062597808,0.07557417342812589,0.48225282131247194,-0.4653579829267648,-0.3341484093282536
17,0,9260,0.5869330453563715,-0.06040730919782822,0.3110609881487094,-0.3630953093902388,-0.2467595639703869
17,1,863,0.3383545770567787,-0.04438859966892983,0.5252740925557182,-0.5809622627929851,-0.39144471347861176
18,0,10017,0.4306678646301288,-0.029597229447026696,0.33398265120204895,-0.37067811384600957,-0.2568527531837388
18,1,522,0.2739463601532567,0.05618392161927788,0.4345074450615347,-0.430927911138993,-0.2786690433749257
19,0,8154,0.392813343144469,-0.03958878180064096,0.5008921965388815,-0.5305436297886001,-0.3794929281984071
19,1,234,0.4017094017094017,-0.09665653495440729,0.43465045592705165,-0.5792553191489362,-0.33086419753086416
20,0,10584,0.23412698412698413,0.012870128584790752,0.5446768473496948,-0.5343166920466849,-0.37407165639951223
21,0,10105,0.6540326571004453,-0.03622933050520871,0.32155539582145276,-0.30999593855269125,-0.229065421340922
21,1,550,0.3690909090909091,0.02843514430516314,0.48874944989423774,-0.4763560994307292,-0.3780355316973415
22,0,10087,0.3390502627143849,0.017716701884203934,0.3656714094119855,-0.39923885384678137,-0.2980333456015464
22,1,363,0.2369146005509642,-0.02934262446478042,0.4257409117622366,-0.4419444211233313,-0.32514212360168715
23,0,9196,0.5514354066985646,-0.09266658300616104,0.21049810269924651,-0.25726236532152524,-0.141358533435876
23,1,1010,0.31485148514851485,-0.0046397280692187515,0.2979332533536918,-0.37478187370487515,-0.27577411194045454
24,0,9179,0.4685695609543523,-0.0630667524996571,0.3138220570766508,-0.3122824206619188,-0.20837218316117812
24,1,735,0.2693877551020408,0.037196922671782984,0.42947162500235136,-0.5041852416154092,-0.33643617021276595
25,0,9530,0.5279118572927597,0.012269030919170199,0.3068035304914818,-0.329059762789222,-0.2698150291563872
25,1,790,0.25063291139240507,0.05172502047502037,0.6192925880425881,-0.5930333742833742,-0.47167434803767216
26,0,8796,0.5569577080491133,-0.05209769025356592,0.22503600180667704,-0.24247746485682586,-0.18193738399752624
26,1,868,0.44930875576036866,0.03907306083038309,0.26532024460894754,-0.27792082394592854,-0.20477890289211043
27,0,10269,0.44493134677183754,0.017255570530616327,0.3191542546451487,-0.356361981776503,-0.22606793953623894
27,1,347,0.37752161383285304,0.13121996041843365,0.41825699745547085,-0.3630901894260673,-0.3531753554502369
28,0,9170,0.4633587786259542,0.0029628880008536473,0.41615271346105853,-0.4620232911347849,-0.28959968623701415
28,1,1494,0.4538152610441767,-0.0039602492914569964,0.40493774943605754,-0.49818706981317595,-0.359961978421942
29,0,10601,0.4679747193660975,-0.0026981019326633993,0.25758633654562324,-0.3265201908217429,-0.19009432037777163
30,0,10060,0.44761431411530817,0.015756875897143585,0.3255528246200292,-0.3466222166647065,-0.2339407249578388
30,1,577,0.3587521663778163,-0.10403446925186055,0.46132654393523964,-0.43093093093093093,-0.3387849441916938
31,0,10551,0.24405269642687896,-0.017108266547214424,0.2575613734407105,-0.30395195294621724,-0.22460442064014985
31,1,275,0.14181818181818182,0.023359408952629224,0.44111255975662744,-0.5267275097783573,-0.48525798525798525
32,0,7895,0.5526282457251425,-1.2394455693898188e-05,0.1408659740134337,-0.16561951902243954,-0.08893702013380222
32,1,2146,0.559645852749301,0.024834683619030073,0.10392045429514196,-0.15073153324610444,-0.10199513695431639
33,0,9095,0.7593183067619571,-0.11582304011434896,0.2156854884961099,-0.24590034129259364,-0.16720931622560375
33,1,721,0.5159500693481276,-0.04752441692084908,0.3670163601072187,-0.3267245894568198,-0.1864420062695925
34,0,10101,0.2653202653202653,-0.001001393785686866,0.35677595045926536,-0.3816933892724761,-0.2363044415360782
34,1,538,0.17286245353159851,-0.0769602512987797,0.4209979461157425,-0.572816237767307,-0.33817594834543985
35,0,10822,0.32341526520051744,0.041166660163109325,0.38484906543879505,-0.4181795762281968,-0.3505787434747203
36,0,10238,0.44950185583121705,-0.004871481803973898,0.3361964773547095,-0.34473999023475155,-0.2262939866472995
36,1,314,0.34076433121019106,0.0025283308501511392,0.31631224885999365,-0.29617589958914625,-0.20707070707070707
37,0,10446,0.43231859084817154,-0.028989188898531304,0.287886913608276,-0.32645889376651427,-0.20080333986166043
37,1,290,0.31724137931034485,0.04968159859464216,0.40958498023715406,-0.33333333333333337,-0.21286764705882355
38,0,8754,0.4872058487548549,0.033799802931067324,0.20871992159027797,-0.21808296795318605,-0.1281158835791566
38,1,1013,0.26456071076011844,-0.018441350295502312,0.31326254632875883,-0.34129019332865873,-0.23575718045028227
39,0,9633,0.6029274369355341,-0.02023515007472232,0.18603013197932983,-0.23991866076090673,-0.13489284126423307
39,1,625,0.2368,-0.03433622301546835,0.43969913309535946,-0.5573403592271517,-0.353858418367347
40,0,10777,0.3561287927994804,-0.008314846093115058,0.4307410569031509,-0.48887029463407805,-0.3394624547305811
41,0,10252,0.47171283651970347,-0.026441811353304145,0.2558198802555427,-0.2935453097949524,-0.18965667096364502
42,0,9869,0.4141250379977708,-0.059945832247543684,0.2972704452966384,-0.32038805411561766,-0.20760415614956296
42,1,409,0.2567237163814181,-0.05673558897243103,0.44902882205513794,-0.5362781954887218,-0.3043723952814862
43,0,10371,0.4931057757207598,-0.0135073268418614,0.2952656602750052,-0.37446594290838464,-0.24096033333566613
43,1,301,0.5415282392026578,-0.02769627456210544,0.2753623188405796,-0.2999466524406509,-0.21899920255183414
